[
  {
    "ident": "UAL9",
    "timestamp": "1434510780",
    "longitude": "164.93977",
    "latitude": "54.45394",
    "groundspeed": "510",
    "altitude": "400",
    "updateType": "TP",
    "heading": "236",
    "arrivalTime": "0",
    "num": "A321",
    "code": "John F Kennedy Intl (KJFK)",
    "dep": "2015-04-18T13:41:56-05:00",
    "arriv": 1434510780
  },
  {
    "ident": "CPA879",
    "timestamp": "1434510445",
    "longitude": "176.50000",
    "latitude": "53.08333",
    "groundspeed": "560",
    "altitude": "340",
    "updateType": "TZ",
    "heading": "270",
    "arrivalTime": "0",
    "code": "Houston Bush Int'ctl (KIAH)",
    "dep": "2015-04-18T14:51:50-05:00",
    "arriv": 1434510780
  },
  {
    "ident": "SKW6414",
    "timestamp": "1434510477",
    "longitude": "-122.12000",
    "latitude": "38.14111",
    "groundspeed": "319",
    "altitude": "154",
    "updateType": "TZ",
    "heading": "19",
    "arrivalTime": "0",
    "code": "Los Angeles Intl (KLAX)",
    "dep": "2015-04-18T14:61:44-05:00",
    "arriv": 1434510780
  },
  {
    "ident": "UAL477",
    "timestamp": "1434510477",
    "longitude": "-117.86361",
    "latitude": "40.24639",
    "groundspeed": "481",
    "altitude": "350",
    "updateType": "TZ",
    "heading": "68",
    "arrivalTime": "0",
    "code": "Taiwan Taoyuan Int'l (RCTP / TPE)",
    "dep": "2015-04-18T17:81:44-05:00",
    "arriv": 1434510780
  },
  {
    "ident": "DAL2027",
    "timestamp": "1434510780",
    "longitude": "-94.13847",
    "latitude": "45.03816",
    "groundspeed": "",
    "altitude": "0",
    "updateType": "TP",
    "heading": "280",
    "arrivalTime": "0",
    "code": "Reno/Tahoe Intl (KRNO)",
    "dep": "2015-04-18T16:51:44-05:00",
    "arriv": 1434510780
  },
  {
    "ident": "UAL1531",
    "timestamp": "1434510780",
    "longitude": "-82.94919",
    "latitude": "34.22713",
    "groundspeed": "464",
    "altitude": "370",
    "updateType": "TA",
    "heading": "102",
    "arrivalTime": "0",
    "code": "Charlotte/Douglas Intl (KCLT)",
    "dep": "2015-04-18T12:43:44-05:00",
    "arriv": 1434510780
  },
  {
    "ident": "UAE226",
    "timestamp": "1434510471",
    "longitude": "-102.80000",
    "latitude": "58.05000",
    "groundspeed": "490",
    "altitude": "330",
    "updateType": "TZ",
    "heading": "28",
    "arrivalTime": "0",
    "code": "Taiwan Taoyuan Int'l (RCTP / TPE)",
    "dep": "2015-04-18T11:47:44-05:00",
    "arriv": 1434510780
  },
  {
    "ident": "ASA385",
    "timestamp": "1434510473",
    "longitude": "-122.33861",
    "latitude": "47.14972",
    "groundspeed": "262",
    "altitude": "57",
    "updateType": "TZ",
    "heading": "16",
    "arrivalTime": "0",
    "code": "Minneapolis/St Paul Intl (KMSP)",
    "dep": "2015-04-18T15:40:44-05:00",
    "arriv": 1434510780
  },
  {
    "ident": "UAL1684",
    "timestamp": "1434510780",
    "longitude": "-144.37518",
    "latitude": "29.73252",
    "groundspeed": "437",
    "altitude": "340",
    "updateType": "TP",
    "heading": "241",
    "arrivalTime": "0",
    "code": "John F Kennedy Intl (KJFK)",
    "dep": "2015-04-18T10:45:44-05:00",
    "arriv": 1434510780
  },
  {
    "ident": "DAL715",
    "timestamp": "1434510575",
    "longitude": "-116.92223",
    "latitude": "39.65833",
    "groundspeed": "488",
    "altitude": "370",
    "updateType": "TA",
    "heading": "65",
    "arrivalTime": "0",
    "code": "San Diego Intl (KSAN)",
    "dep": "2015-04-18T10:49:44-05:00",
    "arriv": 1434510780
  },
  {
    "ident": "UAL1608",
    "timestamp": "1434510446",
    "longitude": "-105.07861",
    "latitude": "38.31167",
    "groundspeed": "420",
    "altitude": "360",
    "updateType": "TZ",
    "heading": "274",
    "arrivalTime": "0",
    "code": "Manila Int'l (RPLL / MNL)",
    "dep": "2015-04-18T13:51:44-05:00",
    "arriv": 1434510780
  },
  {
    "ident": "UAL1284",
    "timestamp": "1434510744",
    "longitude": "-116.43275",
    "latitude": "38.12796",
    "groundspeed": "418",
    "altitude": "360",
    "updateType": "TA",
    "heading": "265",
    "arrivalTime": "0",
    "code": "John F Kennedy Intl (KJFK)",
    "dep": "2015-04-18T13:41:56-05:00",
    "arriv": 1434510780
  },
  {
    "ident": "UAL394",
    "timestamp": "1434510464",
    "longitude": "-120.12055",
    "latitude": "37.02945",
    "groundspeed": "526",
    "altitude": "280",
    "updateType": "TZ",
    "heading": "83",
    "arrivalTime": "0",
    "code": "John F Kennedy Intl (KJFK)",
    "dep": "2015-04-18T13:41:56-05:00",
    "arriv": 1434510780
  },
  {
    "ident": "UAL1681",
    "timestamp": "1434510748",
    "longitude": "-113.90917",
    "latitude": "38.21631",
    "groundspeed": "417",
    "altitude": "360",
    "updateType": "TA",
    "heading": "275",
    "arrivalTime": "0",
    "code": "John F Kennedy Intl (KJFK)",
    "dep": "2015-04-18T13:41:56-05:00",
    "arriv": 1434510780
  },
  {
    "ident": "VRD77",
    "timestamp": "1434510767",
    "longitude": "-107.96670",
    "latitude": "38.37450",
    "groundspeed": "439",
    "altitude": "360",
    "updateType": "TA",
    "heading": "271",
    "arrivalTime": "0",
    "code": "John F Kennedy Intl (KJFK)",
    "dep": "2015-04-18T13:41:56-05:00",
    "arriv": 1434510780
  },
  {
    "ident": "SKW6412",
    "timestamp": "1434510897",
    "longitude": "-122.56130",
    "latitude": "37.79381",
    "groundspeed": "340",
    "altitude": "124",
    "updateType": "TA",
    "heading": "140",
    "arrivalTime": "0",
    "code": "John F Kennedy Intl (KJFK)",
    "dep": "2015-04-18T13:41:56-05:00",
    "arriv": 1434510780
  },
  {
    "ident": "VRD222",
    "timestamp": "1434510780",
    "longitude": "-99.02999",
    "latitude": "30.84779",
    "groundspeed": "424",
    "altitude": "255",
    "updateType": "TA",
    "heading": "103",
    "arrivalTime": "0",
    "code": "John F Kennedy Intl (KJFK)",
    "dep": "2015-04-18T13:41:56-05:00",
    "arriv": 1434510780
  },
  {
    "ident": "UAL8",
    "timestamp": "1434510780",
    "longitude": "107.97712",
    "latitude": "35.14437",
    "groundspeed": "",
    "altitude": "0",
    "updateType": "TP",
    "heading": "38",
    "arrivalTime": "0",
    "code": "John F Kennedy Intl (KJFK)",
    "dep": "2015-04-18T13:41:56-05:00",
    "arriv": 1434510780
  },
  {
    "ident": "SWA4840",
    "timestamp": "1434510440",
    "longitude": "-121.91722",
    "latitude": "36.81361",
    "groundspeed": "345",
    "altitude": "158",
    "updateType": "TZ",
    "heading": "341",
    "arrivalTime": "0",
    "code": "John F Kennedy Intl (KJFK)",
    "dep": "2015-04-18T13:41:56-05:00",
    "arriv": 1434510780
  }
]



